{
  "shaders": [
    {
      "resourceLocation": "darkmodeeverywhere:perfect_dark",
      "displayName": "Perfect Dark",
      "darkColorReplacement": 16777215
    },
    {
      "resourceLocation": "darkmodeeverywhere:less_perfect_dark",
      "displayName": "Less Perfect Dark",
      "darkColorReplacement": 16777215
    },
    {
      "resourceLocation": "darkmodeeverywhere:toasted_light",
      "displayName": "Toasted Light Mode",
      "darkColorReplacement": 16777215
    }
  ],
  "version": 1
}