{
  "version": 1,
  "displayDebugData": false,
  "enabled": true,
  "leafSize": 5,
  "leafLifespan": 200,
  "leafSpawnRate": 10,
  "coniferLeafSpawnRate": 0,
  "snowflakeSpawnRate": 15,
  "dropFromPlayerPlacedBlocks": true,
  "leavesOnBlockHit": true,
  "minimumFreeSpaceBelow": 1,
  "windEnabled": true,
  "windlessDimensions": [
    "minecraft:the_end",
    "minecraft:the_nether"
  ],
  "leafSettings": {
    "minecraft:jungle_leaves": {
      "spawnRateFactor": 0.0,
      "isConiferBlock": false
    },
    "minecraft:flowering_azalea_leaves": {
      "spawnRateFactor": 1.0,
      "isConiferBlock": false
    },
    "minecraft:mangrove_leaves": {
      "spawnRateFactor": 1.0,
      "isConiferBlock": false
    },
    "ecologics:coconut_leaves": {
      "spawnRateFactor": 1.0,
      "isConiferBlock": false
    },
    "minecraft:birch_leaves": {
      "spawnRateFactor": 1.0,
      "isConiferBlock": false
    },
    "minecraft:azalea_leaves": {
      "spawnRateFactor": 1.0,
      "isConiferBlock": false
    },
    "minecraft:acacia_leaves": {
      "spawnRateFactor": 1.0,
      "isConiferBlock": false
    },
    "minecraft:oak_leaves": {
      "spawnRateFactor": 1.0,
      "isConiferBlock": false
    },
    "ecologics:walnut_leaves": {
      "spawnRateFactor": 1.0,
      "isConiferBlock": false
    },
    "minecraft:dark_oak_leaves": {
      "spawnRateFactor": 1.0,
      "isConiferBlock": false
    },
    "minecraft:spruce_leaves": {
      "spawnRateFactor": 1.0,
      "isConiferBlock": true
    },
    "betternether:anchor_tree_leaves": {
      "spawnRateFactor": 1.0,
      "isConiferBlock": false
    },
    "betternether:nether_sakura_leaves": {
      "spawnRateFactor": 1.0,
      "isConiferBlock": false
    },
    "betternether:willow_leaves": {
      "spawnRateFactor": 1.0,
      "isConiferBlock": false
    },
    "betternether:rubeus_leaves": {
      "spawnRateFactor": 1.0,
      "isConiferBlock": false
    },
    "betternether:anchor_tree_vine": {
      "spawnRateFactor": 1.0,
      "isConiferBlock": false
    },
    "betternether:black_vine": {
      "spawnRateFactor": 1.0,
      "isConiferBlock": false
    },
    "betternether:soul_vein": {
      "spawnRateFactor": 1.0,
      "isConiferBlock": false
    },
    "betternether:eyeball_small": {
      "spawnRateFactor": 1.0,
      "isConiferBlock": false
    },
    "betternether:stalagnate_seed": {
      "spawnRateFactor": 1.0,
      "isConiferBlock": false
    },
    "betternether:eye_vine": {
      "spawnRateFactor": 1.0,
      "isConiferBlock": false
    },
    "betternether:nether_reed_stem": {
      "spawnRateFactor": 1.0,
      "isConiferBlock": false
    },
    "betternether:mushroom_fir_sapling": {
      "spawnRateFactor": 1.0,
      "isConiferBlock": false
    },
    "betternether:orange_mushroom": {
      "spawnRateFactor": 1.0,
      "isConiferBlock": false
    },
    "betternether:egg_plant": {
      "spawnRateFactor": 1.0,
      "isConiferBlock": false
    },
    "betternether:magma_flower": {
      "spawnRateFactor": 1.0,
      "isConiferBlock": false
    },
    "betternether:lumabus_vine": {
      "spawnRateFactor": 1.0,
      "isConiferBlock": false
    },
    "betternether:anchor_tree_sapling": {
      "spawnRateFactor": 1.0,
      "isConiferBlock": false
    },
    "betternether:ink_bush": {
      "spawnRateFactor": 1.0,
      "isConiferBlock": false
    },
    "betternether:whispering_gourd_vine": {
      "spawnRateFactor": 1.0,
      "isConiferBlock": false
    },
    "betternether:willow_sapling": {
      "spawnRateFactor": 1.0,
      "isConiferBlock": false
    },
    "betternether:rubeus_sapling": {
      "spawnRateFactor": 1.0,
      "isConiferBlock": false
    },
    "betternether:blooming_vine": {
      "spawnRateFactor": 1.0,
      "isConiferBlock": false
    },
    "betternether:black_apple": {
      "spawnRateFactor": 1.0,
      "isConiferBlock": false
    },
    "betternether:golden_lumabus_vine": {
      "spawnRateFactor": 1.0,
      "isConiferBlock": false
    },
    "betternether:neon_equisetum": {
      "spawnRateFactor": 1.0,
      "isConiferBlock": false
    },
    "betternether:golden_vine": {
      "spawnRateFactor": 1.0,
      "isConiferBlock": false
    },
    "betternether:feather_fern": {
      "spawnRateFactor": 1.0,
      "isConiferBlock": false
    },
    "betternether:potted_plant": {
      "spawnRateFactor": 1.0,
      "isConiferBlock": false
    },
    "betternether:bone_mushroom": {
      "spawnRateFactor": 1.0,
      "isConiferBlock": false
    },
    "betternether:jellyfish_mushroom_sapling": {
      "spawnRateFactor": 1.0,
      "isConiferBlock": false
    },
    "betternether:nether_sakura_sapling": {
      "spawnRateFactor": 1.0,
      "isConiferBlock": false
    },
    "betternether:eyeball": {
      "spawnRateFactor": 1.0,
      "isConiferBlock": false
    },
    "betternether:black_bush": {
      "spawnRateFactor": 1.0,
      "isConiferBlock": false
    },
    "twilightforest:dark_leaves": {
      "spawnRateFactor": 1.0,
      "isConiferBlock": false
    },
    "twilightforest:mangrove_leaves": {
      "spawnRateFactor": 1.0,
      "isConiferBlock": false
    },
    "twilightforest:mining_leaves": {
      "spawnRateFactor": 1.0,
      "isConiferBlock": false
    },
    "twilightforest:thorn_leaves": {
      "spawnRateFactor": 1.0,
      "isConiferBlock": false
    },
    "twilightforest:canopy_leaves": {
      "spawnRateFactor": 1.0,
      "isConiferBlock": false
    },
    "twilightforest:rainbow_oak_leaves": {
      "spawnRateFactor": 1.0,
      "isConiferBlock": false
    },
    "twilightforest:beanstalk_leaves": {
      "spawnRateFactor": 1.0,
      "isConiferBlock": false
    },
    "twilightforest:twilight_oak_leaves": {
      "spawnRateFactor": 1.0,
      "isConiferBlock": false
    },
    "twilightforest:sorting_leaves": {
      "spawnRateFactor": 1.0,
      "isConiferBlock": false
    },
    "twilightforest:time_leaves": {
      "spawnRateFactor": 1.0,
      "isConiferBlock": false
    },
    "twilightforest:transformation_leaves": {
      "spawnRateFactor": 1.0,
      "isConiferBlock": false
    }
  },
  "leafSpawners": [],
  "fallSpawnRateFactor": 1.8,
  "winterSpawnRateFactor": 0.1,
  "startingSpawnRadius": 0,
  "decaySpawnRateFactor": 2.6,
  "maxDecayLeaves": 9
}