{
  "enginePower" : 2000000.0,
  "minEnginePower" : 700000.0,
  "engineHeatLoss" : 0.01,
  "engineHeatGain" : 0.03,
  "maxCasualSpeed" : 20.0,
  "stabilizationSpeed" : 10.0,
  "floaterBuoyantFactorPerKg" : 50000.0,
  "maxFloaterBuoyantFactor" : 1.0,
  "baseSpeed" : 3.0,
  "impulseElevationRate" : 7,
  "neutralLimit" : 80.0,
  "doFluidDrag" : false,
  "massPerBalloon" : 5000.0,
  "turnSpeed" : 3.0,
  "stabilizationTorqueConstant" : 15.0,
  "linearStabilizeMaxAntiVelocity" : 1.0,
  "antiVelocityMassRelevance" : 0.8,
  "popSideBalloonChance" : 0.3,
  "blockBlacklist" : [ "vs_eureka:ship_helm", "minecraft:dirt", "minecraft:grass_block", "minecraft:grass_path", "minecraft:stone", "minecraft:bedrock", "minecraft:sand", "minecraft:gravel", "minecraft:water", "minecraft:flowing_water", "minecraft:lava", "minecraft:flowing_lava", "minecraft:lily_pad", "minecraft:coarse_dirt", "minecraft:podzol", "minecraft:granite", "minecraft:diorite", "minecraft:andesite", "minecraft:crimson_nylium", "minecraft:warped_nylium", "minecraft:red_sand", "minecraft:sandstone", "minecraft:end_stone", "minecraft:red_sandstone", "minecraft:blackstone", "minecraft:netherrack", "minecraft:soul_sand", "minecraft:soul_soil", "minecraft:grass", "minecraft:fern", "minecraft:dead_bush", "minecraft:seagrass", "minecraft:sea_pickle", "minecraft:kelp", "minecraft:bamboo", "minecraft:dandelion", "minecraft:poppy", "minecraft:blue_orchid", "minecraft:allium", "minecraft:azure_bluet", "minecraft:red_tulip", "minecraft:orange_tulip", "minecraft:white_tulip", "minecraft:pink_tulip", "minecraft:oxeye_daisy", "minecraft:cornflower", "minecraft:lily_of_the_valley", "minecraft:brown_mushroom", "minecraft:red_mushroom", "minecraft:crimson_fungus", "minecraft:warped_fungus", "minecraft:crimson_roots", "minecraft:warped_roots", "minecraft:nether_sprouts", "minecraft:weeping_vines", "minecraft:twisting_vines", "minecraft:chorus_plant", "minecraft:chorus_flower", "minecraft:snow", "minecraft:cactus", "minecraft:vine", "minecraft:sunflower", "minecraft:lilac", "minecraft:rose_bush", "minecraft:peony", "minecraft:tall_grass", "minecraft:large_fern", "minecraft:air", "minecraft:ice", "minecraft:packed_ice", "minecraft:blue_ice", "minecraft:portal", "minecraft:end_portal_frame", "minecraft:end_portal", "minecraft:end_gateway" ],
  "diagonals" : true,
  "assembliesPerTick" : 1000,
  "ballastWeight" : 10000.0,
  "ballastNoWeight" : 1000.0,
  "anchorSpeed" : 100000.0,
  "enableDisassembly" : false,
  "$schema" : "schemas/vs_eureka_server.schema.json"
}