{
  "version": 1,
  "displayDebugData": false,
  "enabled": true,
  "leafSize": 5,
  "leafLifespan": 200,
  "leafSpawnRate": 10,
  "coniferLeafSpawnRate": 0,
  "snowflakeSpawnRate": 15,
  "dropFromPlayerPlacedBlocks": true,
  "leavesOnBlockHit": true,
  "minimumFreeSpaceBelow": 1,
  "windEnabled": true,
  "windlessDimensions": [
    "minecraft:the_end",
    "minecraft:the_nether"
  ],
  "leafSettings": {
    "minecraft:mangrove_leaves": {
      "spawnRateFactor": 1.0,
      "isConiferBlock": false
    },
    "meadow:pine_leaves": {
      "spawnRateFactor": 1.0,
      "isConiferBlock": false
    },
    "byg:red_oak_leaves": {
      "spawnRateFactor": 1.0,
      "isConiferBlock": false
    },
    "byg:redwood_leaves": {
      "spawnRateFactor": 1.0,
      "isConiferBlock": true
    },
    "paradise_lost:orange_leaves": {
      "spawnRateFactor": 1.0,
      "isConiferBlock": false
    },
    "paradise_lost:frost_wisteria_leaves": {
      "spawnRateFactor": 1.0,
      "isConiferBlock": false
    },
    "biomemakeover:swamp_cypress_leaves": {
      "spawnRateFactor": 1.0,
      "isConiferBlock": true
    },
    "byg:white_cherry_leaves": {
      "spawnRateFactor": 1.4,
      "isConiferBlock": false
    },
    "biomemakeover:ancient_oak_leaves": {
      "spawnRateFactor": 1.0,
      "isConiferBlock": false
    },
    "minecraft:oak_leaves": {
      "spawnRateFactor": 1.0,
      "isConiferBlock": false
    },
    "vinery:cherry_leaves": {
      "spawnRateFactor": 1.0,
      "isConiferBlock": false
    },
    "byg:palm_leaves": {
      "spawnRateFactor": 0.0,
      "isConiferBlock": false
    },
    "byg:lament_leaves": {
      "spawnRateFactor": 1.0,
      "isConiferBlock": false
    },
    "twilightforest:thorn_leaves": {
      "spawnRateFactor": 1.0,
      "isConiferBlock": false
    },
    "byg:brown_oak_leaves": {
      "spawnRateFactor": 1.0,
      "isConiferBlock": false
    },
    "twilightforest:canopy_leaves": {
      "spawnRateFactor": 1.0,
      "isConiferBlock": false
    },
    "twilightforest:rainbow_oak_leaves": {
      "spawnRateFactor": 1.0,
      "isConiferBlock": false
    },
    "byg:cika_leaves": {
      "spawnRateFactor": 1.0,
      "isConiferBlock": false
    },
    "betternether:rubeus_leaves": {
      "spawnRateFactor": 1.0,
      "isConiferBlock": false
    },
    "twilightforest:transformation_leaves": {
      "spawnRateFactor": 1.0,
      "isConiferBlock": false
    },
    "byg:yellow_birch_leaves": {
      "spawnRateFactor": 1.0,
      "isConiferBlock": false
    },
    "byg:jacaranda_leaves": {
      "spawnRateFactor": 1.0,
      "isConiferBlock": false
    },
    "twilightforest:dark_leaves": {
      "spawnRateFactor": 1.0,
      "isConiferBlock": false
    },
    "byg:nightshade_leaves": {
      "spawnRateFactor": 1.0,
      "isConiferBlock": false
    },
    "byg:brown_birch_leaves": {
      "spawnRateFactor": 1.0,
      "isConiferBlock": false
    },
    "byg:pine_leaves": {
      "spawnRateFactor": 1.0,
      "isConiferBlock": true
    },
    "byg:silver_maple_leaves": {
      "spawnRateFactor": 1.0,
      "isConiferBlock": false
    },
    "byg:indigo_jacaranda_leaves": {
      "spawnRateFactor": 1.0,
      "isConiferBlock": false
    },
    "byg:cypress_leaves": {
      "spawnRateFactor": 1.0,
      "isConiferBlock": true
    },
    "byg:yellow_spruce_leaves": {
      "spawnRateFactor": 1.0,
      "isConiferBlock": true
    },
    "byg:blue_spruce_leaves": {
      "spawnRateFactor": 1.0,
      "isConiferBlock": true
    },
    "byg:willow_leaves": {
      "spawnRateFactor": 1.0,
      "isConiferBlock": false
    },
    "byg:flowering_orchard_leaves": {
      "spawnRateFactor": 1.0,
      "isConiferBlock": false
    },
    "byg:flowering_nightshade_leaves": {
      "spawnRateFactor": 1.0,
      "isConiferBlock": false
    },
    "twilightforest:sorting_leaves": {
      "spawnRateFactor": 1.0,
      "isConiferBlock": false
    },
    "biomemakeover:willow_leaves": {
      "spawnRateFactor": 1.0,
      "isConiferBlock": false
    },
    "twilightforest:time_leaves": {
      "spawnRateFactor": 1.0,
      "isConiferBlock": false
    },
    "byg:firecracker_leaves": {
      "spawnRateFactor": 1.0,
      "isConiferBlock": false
    },
    "paradise_lost:lavender_wisteria_leaves": {
      "spawnRateFactor": 1.0,
      "isConiferBlock": false
    },
    "byg:holly_berry_leaves": {
      "spawnRateFactor": 1.0,
      "isConiferBlock": false
    },
    "byg:flowering_indigo_jacaranda_leaves": {
      "spawnRateFactor": 1.0,
      "isConiferBlock": false
    },
    "byg:ripe_joshua_leaves": {
      "spawnRateFactor": 1.0,
      "isConiferBlock": false
    },
    "meadow:pine_leaves_2": {
      "spawnRateFactor": 1.0,
      "isConiferBlock": false
    },
    "byg:ether_leaves": {
      "spawnRateFactor": 1.0,
      "isConiferBlock": false
    },
    "byg:mahogany_leaves": {
      "spawnRateFactor": 1.0,
      "isConiferBlock": false
    },
    "byg:flowering_jacaranda_leaves": {
      "spawnRateFactor": 1.0,
      "isConiferBlock": false
    },
    "betterend:tenanea_leaves": {
      "spawnRateFactor": 1.0,
      "isConiferBlock": false
    },
    "byg:blooming_witch_hazel_leaves": {
      "spawnRateFactor": 1.0,
      "isConiferBlock": false
    },
    "betterend:pythadendron_leaves": {
      "spawnRateFactor": 1.0,
      "isConiferBlock": false
    },
    "paradise_lost:rose_wisteria_leaves": {
      "spawnRateFactor": 1.0,
      "isConiferBlock": false
    },
    "ecologics:walnut_leaves": {
      "spawnRateFactor": 1.0,
      "isConiferBlock": false
    },
    "byg:pink_cherry_leaves": {
      "spawnRateFactor": 1.4,
      "isConiferBlock": false
    },
    "byg:green_apple_skyris_leaves": {
      "spawnRateFactor": 1.0,
      "isConiferBlock": false
    },
    "minecraft:jungle_leaves": {
      "spawnRateFactor": 0.0,
      "isConiferBlock": false
    },
    "byg:rainbow_eucalyptus_leaves": {
      "spawnRateFactor": 1.0,
      "isConiferBlock": false
    },
    "byg:ebony_leaves": {
      "spawnRateFactor": 1.0,
      "isConiferBlock": false
    },
    "byg:witch_hazel_leaves": {
      "spawnRateFactor": 1.0,
      "isConiferBlock": false
    },
    "byg:fir_leaves": {
      "spawnRateFactor": 1.0,
      "isConiferBlock": true
    },
    "byg:maple_leaves": {
      "spawnRateFactor": 1.0,
      "isConiferBlock": false
    },
    "byg:withering_oak_leaves": {
      "spawnRateFactor": 1.0,
      "isConiferBlock": false
    },
    "betternether:anchor_tree_leaves": {
      "spawnRateFactor": 1.0,
      "isConiferBlock": false
    },
    "paradise_lost:mother_aurel_leaves": {
      "spawnRateFactor": 1.0,
      "isConiferBlock": false
    },
    "byg:brown_zelkova_leaves": {
      "spawnRateFactor": 1.0,
      "isConiferBlock": false
    },
    "byg:orchard_leaves": {
      "spawnRateFactor": 1.0,
      "isConiferBlock": false
    },
    "betternether:willow_leaves": {
      "spawnRateFactor": 1.0,
      "isConiferBlock": false
    },
    "twilightforest:beanstalk_leaves": {
      "spawnRateFactor": 1.0,
      "isConiferBlock": false
    },
    "twilightforest:twilight_oak_leaves": {
      "spawnRateFactor": 1.0,
      "isConiferBlock": false
    },
    "paradise_lost:boreal_wisteria_leaves": {
      "spawnRateFactor": 1.0,
      "isConiferBlock": false
    },
    "biomemakeover:blighted_balsa_leaves": {
      "spawnRateFactor": 1.0,
      "isConiferBlock": false
    },
    "minecraft:flowering_azalea_leaves": {
      "spawnRateFactor": 1.0,
      "isConiferBlock": false
    },
    "byg:orange_spruce_leaves": {
      "spawnRateFactor": 1.0,
      "isConiferBlock": true
    },
    "paradise_lost:aurel_leaves": {
      "spawnRateFactor": 1.0,
      "isConiferBlock": false
    },
    "meadow:alpine_birch_leaves_hanging": {
      "spawnRateFactor": 1.0,
      "isConiferBlock": false
    },
    "byg:joshua_leaves": {
      "spawnRateFactor": 1.0,
      "isConiferBlock": false
    },
    "byg:holly_leaves": {
      "spawnRateFactor": 1.0,
      "isConiferBlock": false
    },
    "byg:red_spruce_leaves": {
      "spawnRateFactor": 1.0,
      "isConiferBlock": true
    },
    "minecraft:spruce_leaves": {
      "spawnRateFactor": 1.0,
      "isConiferBlock": true
    },
    "byg:orange_oak_leaves": {
      "spawnRateFactor": 1.0,
      "isConiferBlock": false
    },
    "ecologics:coconut_leaves": {
      "spawnRateFactor": 1.0,
      "isConiferBlock": false
    },
    "minecraft:birch_leaves": {
      "spawnRateFactor": 1.0,
      "isConiferBlock": false
    },
    "minecraft:acacia_leaves": {
      "spawnRateFactor": 1.0,
      "isConiferBlock": false
    },
    "betternether:nether_sakura_leaves": {
      "spawnRateFactor": 1.0,
      "isConiferBlock": false
    },
    "byg:flowering_palo_verde_leaves": {
      "spawnRateFactor": 1.0,
      "isConiferBlock": false
    },
    "byg:green_enchanted_leaves": {
      "spawnRateFactor": 1.0,
      "isConiferBlock": false
    },
    "byg:blue_enchanted_leaves": {
      "spawnRateFactor": 1.0,
      "isConiferBlock": false
    },
    "twilightforest:mangrove_leaves": {
      "spawnRateFactor": 1.0,
      "isConiferBlock": false
    },
    "byg:aspen_leaves": {
      "spawnRateFactor": 1.0,
      "isConiferBlock": false
    },
    "byg:zelkova_leaves": {
      "spawnRateFactor": 1.0,
      "isConiferBlock": false
    },
    "byg:ripe_orchard_leaves": {
      "spawnRateFactor": 1.0,
      "isConiferBlock": false
    },
    "byg:red_maple_leaves": {
      "spawnRateFactor": 1.0,
      "isConiferBlock": false
    },
    "byg:skyris_leaves": {
      "spawnRateFactor": 1.4,
      "isConiferBlock": false
    },
    "betterend:dragon_tree_leaves": {
      "spawnRateFactor": 1.0,
      "isConiferBlock": false
    },
    "twilightforest:mining_leaves": {
      "spawnRateFactor": 1.0,
      "isConiferBlock": false
    },
    "minecraft:azalea_leaves": {
      "spawnRateFactor": 1.0,
      "isConiferBlock": false
    },
    "byg:orange_birch_leaves": {
      "spawnRateFactor": 1.0,
      "isConiferBlock": false
    },
    "byg:palo_verde_leaves": {
      "spawnRateFactor": 1.0,
      "isConiferBlock": false
    },
    "betterend:lucernia_leaves": {
      "spawnRateFactor": 1.0,
      "isConiferBlock": false
    },
    "byg:red_birch_leaves": {
      "spawnRateFactor": 1.0,
      "isConiferBlock": false
    },
    "byg:white_mangrove_leaves": {
      "spawnRateFactor": 1.0,
      "isConiferBlock": false
    },
    "vinery:grapevine_leaves": {
      "spawnRateFactor": 1.0,
      "isConiferBlock": false
    },
    "byg:araucaria_leaves": {
      "spawnRateFactor": 1.0,
      "isConiferBlock": true
    },
    "betterend:lacugrove_leaves": {
      "spawnRateFactor": 1.0,
      "isConiferBlock": false
    },
    "minecraft:dark_oak_leaves": {
      "spawnRateFactor": 1.0,
      "isConiferBlock": false
    },
    "byg:baobab_leaves": {
      "spawnRateFactor": 1.0,
      "isConiferBlock": false
    },
    "byg:imparius_vine": {
      "spawnRateFactor": 1.0,
      "isConiferBlock": false
    },
    "betternether:black_vine": {
      "spawnRateFactor": 1.0,
      "isConiferBlock": false
    },
    "betternether:soul_vein": {
      "spawnRateFactor": 1.0,
      "isConiferBlock": false
    },
    "betternether:stalagnate_seed": {
      "spawnRateFactor": 1.0,
      "isConiferBlock": false
    },
    "betternether:eye_vine": {
      "spawnRateFactor": 1.0,
      "isConiferBlock": false
    },
    "betternether:magma_flower": {
      "spawnRateFactor": 1.0,
      "isConiferBlock": false
    },
    "betternether:anchor_tree_sapling": {
      "spawnRateFactor": 1.0,
      "isConiferBlock": false
    },
    "byg:embur_gel_vines_plant": {
      "spawnRateFactor": 1.0,
      "isConiferBlock": false
    },
    "betternether:golden_vine": {
      "spawnRateFactor": 1.0,
      "isConiferBlock": false
    },
    "byg:poison_ivy": {
      "spawnRateFactor": 1.0,
      "isConiferBlock": false
    },
    "betternether:jellyfish_mushroom_sapling": {
      "spawnRateFactor": 1.0,
      "isConiferBlock": false
    },
    "betternether:nether_sakura_sapling": {
      "spawnRateFactor": 1.0,
      "isConiferBlock": false
    },
    "betternether:eyeball": {
      "spawnRateFactor": 1.0,
      "isConiferBlock": false
    },
    "betterend:cave_bush": {
      "spawnRateFactor": 1.0,
      "isConiferBlock": false
    },
    "byg:skyris_vine": {
      "spawnRateFactor": 1.0,
      "isConiferBlock": false
    },
    "byg:shulkren_vine_plant": {
      "spawnRateFactor": 1.0,
      "isConiferBlock": false
    },
    "betternether:rubeus_sapling": {
      "spawnRateFactor": 1.0,
      "isConiferBlock": false
    },
    "betternether:black_apple": {
      "spawnRateFactor": 1.0,
      "isConiferBlock": false
    },
    "byg:embur_gel_vines": {
      "spawnRateFactor": 1.0,
      "isConiferBlock": false
    },
    "betternether:feather_fern": {
      "spawnRateFactor": 1.0,
      "isConiferBlock": false
    },
    "betternether:bone_mushroom": {
      "spawnRateFactor": 1.0,
      "isConiferBlock": false
    },
    "betternether:black_bush": {
      "spawnRateFactor": 1.0,
      "isConiferBlock": false
    },
    "betternether:anchor_tree_vine": {
      "spawnRateFactor": 1.0,
      "isConiferBlock": false
    },
    "betternether:eyeball_small": {
      "spawnRateFactor": 1.0,
      "isConiferBlock": false
    },
    "byg:shulkren_vine": {
      "spawnRateFactor": 1.0,
      "isConiferBlock": false
    },
    "betternether:egg_plant": {
      "spawnRateFactor": 1.0,
      "isConiferBlock": false
    },
    "betternether:lumabus_vine": {
      "spawnRateFactor": 1.0,
      "isConiferBlock": false
    },
    "betternether:willow_sapling": {
      "spawnRateFactor": 1.0,
      "isConiferBlock": false
    },
    "byg:imparius_vine_plant": {
      "spawnRateFactor": 1.0,
      "isConiferBlock": false
    },
    "betternether:blooming_vine": {
      "spawnRateFactor": 1.0,
      "isConiferBlock": false
    },
    "betternether:nether_reed_stem": {
      "spawnRateFactor": 1.0,
      "isConiferBlock": false
    },
    "betternether:mushroom_fir_sapling": {
      "spawnRateFactor": 1.0,
      "isConiferBlock": false
    },
    "betternether:orange_mushroom": {
      "spawnRateFactor": 1.0,
      "isConiferBlock": false
    },
    "betternether:ink_bush": {
      "spawnRateFactor": 1.0,
      "isConiferBlock": false
    },
    "betternether:whispering_gourd_vine": {
      "spawnRateFactor": 1.0,
      "isConiferBlock": false
    },
    "betternether:golden_lumabus_vine": {
      "spawnRateFactor": 1.0,
      "isConiferBlock": false
    },
    "betternether:neon_equisetum": {
      "spawnRateFactor": 1.0,
      "isConiferBlock": false
    },
    "betternether:potted_plant": {
      "spawnRateFactor": 1.0,
      "isConiferBlock": false
    }
  },
  "leafSpawners": [],
  "fallSpawnRateFactor": 1.8,
  "winterSpawnRateFactor": 0.1,
  "startingSpawnRadius": 0,
  "decaySpawnRateFactor": 2.6,
  "maxDecayLeaves": 9
}