{
  "performVersionCheck": true,
  "origins": {
    "origins-classes:nitwit": {
      "enabled": true
    },
    "origins:enderian": {
      "enabled": true,
      "origins:throw_ender_pearl": true,
      "origins:water_vulnerability": true,
      "origins:pumpkin_hate": true,
      "origins:extra_reach": true,
      "origins:ender_particles": true,
      "origins:damage_from_potions": true
    },
    "dac:butcher": {
      "enabled": true,
      "dac:better_meat": true,
      "dac:favourite_tool": true
    },
    "origins:feline": {
      "enabled": true,
      "origins:fall_immunity": true,
      "origins:sprint_jump": true,
      "origins:velvet_paws": true,
      "origins:nine_lives": true,
      "origins:weak_arms": true,
      "origins:scare_creepers": true,
      "origins:cat_vision": true
    },
    "origins-classes:warrior": {
      "enabled": true,
      "origins-classes:more_attack_damage": true,
      "origins-classes:less_shield_slowdown": true
    },
    "origins:elytrian": {
      "enabled": true,
      "origins:elytra": true,
      "origins:launch_into_air": true,
      "origins:aerial_combatant": true,
      "origins:light_armor": true,
      "origins:claustrophobia": true,
      "origins:more_kinetic_damage": true
    },
    "dac:wandering_trader": {
      "enabled": true,
      "dac:morning_deliveries": true,
      "dac:elder_experience": true
    },
    "origins-classes:explorer": {
      "enabled": true,
      "origins-classes:explorer_kit": true,
      "origins-classes:no_sprint_exhaustion": true
    },
    "origins:phantom": {
      "enabled": true,
      "origins:phantomize": true,
      "origins:translucent": true,
      "origins:phasing": true,
      "origins:invisibility": true,
      "origins:burn_in_daylight": true,
      "origins:hunger_over_time": true,
      "origins:fragile": true,
      "origins:phantomize_overlay": true
    },
    "origins-classes:beastmaster": {
      "enabled": true,
      "origins-classes:tamed_animal_boost": true,
      "origins-classes:tamed_potion_diffusal": true
    },
    "origins-classes:merchant": {
      "enabled": true,
      "origins-classes:trade_availability": true,
      "origins-classes:rare_wandering_loot": true
    },
    "origins-classes:rancher": {
      "enabled": true,
      "origins-classes:twin_breeding": true,
      "origins-classes:more_animal_loot": true
    },
    "origins:blazeborn": {
      "enabled": true,
      "origins:fire_immunity": true,
      "origins:nether_spawn": true,
      "origins:burning_wrath": true,
      "origins:hotblooded": true,
      "origins:water_vulnerability": true,
      "origins:flame_particles": true,
      "origins:damage_from_snowballs": true,
      "origins:damage_from_potions": true
    },
    "origins:avian": {
      "enabled": true,
      "origins:slow_falling": true,
      "origins:fresh_air": true,
      "origins:like_air": true,
      "origins:tailwind": true,
      "origins:lay_eggs": true,
      "origins:vegetarian": true
    },
    "origins-classes:archer": {
      "enabled": true,
      "origins-classes:no_projectile_divergence": true,
      "origins-classes:less_bow_slowdown": true
    },
    "origins-classes:farmer": {
      "enabled": true,
      "origins-classes:more_crop_drops": true,
      "origins-classes:better_bone_meal": true
    },
    "extraorigins:floran": {
      "enabled": true,
      "extraorigins:green_thumb": true,
      "extraorigins:photosynthesis": true,
      "extraorigins:absorbing": true,
      "extraorigins:flammable": true,
      "extraorigins:nectarivore": true
    },
    "origins-classes:miner": {
      "enabled": true,
      "origins-classes:more_stone_break_speed": true,
      "origins-classes:no_mining_exhaustion": true
    },
    "origins-classes:cook": {
      "enabled": true,
      "origins-classes:better_crafted_food": true,
      "origins-classes:more_smoker_xp": true
    },
    "origins:human": {
      "enabled": true
    },
    "origins-classes:lumberjack": {
      "enabled": true,
      "origins-classes:tree_felling": true,
      "origins-classes:more_planks_from_logs": true
    },
    "extraorigins:piglin": {
      "enabled": true,
      "extraorigins:all_that_glitters": true,
      "extraorigins:piglin_neutrality": true,
      "extraorigins:crossbow_master": true,
      "origins:nether_spawn": true,
      "extraorigins:homesick": true,
      "origins:carnivore": true,
      "extraorigins:flabby": true,
      "extraorigins:soul_spooked": true
    },
    "origins:shulk": {
      "enabled": true,
      "origins:shulker_inventory": true,
      "origins:natural_armor": true,
      "origins:strong_arms": true,
      "origins:strong_arms_break_speed": true,
      "origins:no_shield": true,
      "origins:more_exhaustion": true
    },
    "origins-classes:cleric": {
      "enabled": true,
      "origins-classes:longer_potions": true,
      "origins-classes:better_enchanting": true
    },
    "origins:merling": {
      "enabled": true,
      "origins:water_breathing": true,
      "origins:water_vision": true,
      "origins:aqua_affinity": true,
      "origins:swim_speed": true,
      "origins:like_water": true,
      "origins:aquatic": true,
      "origins:conduit_power_on_land": true,
      "origins:air_from_potions": true
    },
    "origins:arachnid": {
      "enabled": true,
      "origins:climbing": true,
      "origins:master_of_webs": true,
      "origins:carnivore": true,
      "origins:fragile": true,
      "origins:arthropod": true
    },
    "dac:baker": {
      "enabled": true,
      "dac:more_bread": true,
      "dac:professional_baker": true
    },
    "extraorigins:inchling": {
      "enabled": true,
      "extraorigins:bite_sized": true,
      "extraorigins:nimble": true,
      "extraorigins:small_appetite": true,
      "origins:climbing": true,
      "extraorigins:jockey": true
    },
    "extraorigins:truffle": {
      "enabled": true,
      "extraorigins:magic_spores": true,
      "extraorigins:infestation": true,
      "extraorigins:rooted": true,
      "extraorigins:decomposition": true
    },
    "origins-classes:blacksmith": {
      "enabled": true,
      "origins-classes:quality_equipment": true,
      "origins-classes:efficient_repairs": true
    },
    "origins-classes:rogue": {
      "enabled": true,
      "origins-classes:sneaky": true,
      "origins-classes:stealth": true,
      "origins-classes:stealth_descriptor": true
    },
    "medievalorigins:dwarf": {
      "enabled": true,
      "medievalorigins:dwarf/dwarven_tech": true,
      "medievalorigins:dwarf/nocturnal_eyes": true,
      "medievalorigins:dwarf/potent_brew": true,
      "medievalorigins:dwarf/miniature": true,
      "medievalorigins:dwarf/darkness_dweller": true,
      "medievalorigins:dwarf/dense": true,
      "medievalorigins:dwarf/photoallergic": true,
      "medievalorigins:dwarf/pickaxeless_stone": true
    },
    "medievalorigins:pixie": {
      "enabled": true,
      "medievalorigins:pixie/pixie_properties": true,
      "medievalorigins:pixie/feather_footed": true,
      "medievalorigins:pixie/flight": true,
      "medievalorigins:pixie/good_fortunes": true,
      "medievalorigins:pixie/mischief_maketh_man": true,
      "medievalorigins:pixie/curse_of_flight": true,
      "medievalorigins:pixie/soaked": true,
      "medievalorigins:pixie/troublemaker": true
    },
    "medievalorigins:gorgon": {
      "enabled": true,
      "medievalorigins:gorgon/serpentine_companions": true,
      "medievalorigins:gorgon/stony_gaze": true,
      "medievalorigins:gorgon/super_strength": true,
      "medievalorigins:gorgon/hydrophobe": true,
      "medievalorigins:gorgon/petrification": true,
      "medievalorigins:gorgon/silver_aversion": true
    },
    "medievalorigins:knight": {
      "enabled": true,
      "medievalorigins:knight/for_honour_and_glory": true,
      "medievalorigins:knight/skilled_swordsman": true,
      "medievalorigins:knight/valour": true,
      "medievalorigins:knight/burdened": true,
      "medievalorigins:knight/magic_prone": true,
      "medievalorigins:knight/melee4ever": true
    },
    "medievalorigins:elf": {
      "enabled": true,
      "medievalorigins:elf/archer": true,
      "medievalorigins:elf/forest_vision": true,
      "medievalorigins:elf/hyper_sight": true,
      "medievalorigins:elf/towering": true,
      "medievalorigins:elf/steward": true,
      "medievalorigins:elf/spindly": true,
      "medievalorigins:elf/weak_melee": true
    },
    "medievalorigins:fae": {
      "enabled": true,
      "medievalorigins:fae/levitation": true,
      "medievalorigins:fae/magic_resistance": true,
      "medievalorigins:fae/regen": true,
      "medievalorigins:fae/allure": true,
      "medievalorigins:fae/diminutive": true,
      "medievalorigins:fae/iron_aversion": true
    },
    "medievalorigins:goblin": {
      "enabled": true,
      "medievalorigins:goblin/cunning": true,
      "medievalorigins:goblin/greedy": true,
      "medievalorigins:goblin/nippy": true,
      "medievalorigins:goblin/stunted": true,
      "medievalorigins:goblin/frail": true
    },
    "medievalorigins:siren": {
      "enabled": true,
      "medievalorigins:siren/siren_song": true,
      "medievalorigins:siren/amphibious": true,
      "medievalorigins:siren/holy_water": true,
      "medievalorigins:siren/out_of_your_depth": true,
      "medievalorigins:siren/prone": true,
      "medievalorigins:siren/flammable": true,
      "medievalorigins:siren/water_vision": true
    },
    "medievalorigins:troll": {
      "enabled": true,
      "medievalorigins:troll/ironhide": true,
      "medievalorigins:troll/rock_throw": true,
      "medievalorigins:troll/thunderous_stride": true,
      "medievalorigins:troll/ham_fisted": true,
      "medievalorigins:troll/mountainous": true,
      "medievalorigins:troll/apex_predator": true,
      "medievalorigins:troll/lumbering": true,
      "medievalorigins:troll/old_blood": true,
      "medievalorigins:troll/out_of_stock": true
    },
    "medievalorigins:paladin": {
      "enabled": true,
      "medievalorigins:paladin/holy_fire": true,
      "medievalorigins:paladin/holy_instruments": true,
      "medievalorigins:paladin/leech": true,
      "medievalorigins:paladin/holy_curse": true,
      "medievalorigins:paladin/well_built": true
    },
    "medievalorigins:necromancer": {
      "enabled": true,
      "medievalorigins:necromancer/hellraiser": true,
      "medievalorigins:necromancer/resilient": true,
      "medievalorigins:necromancer/impervious": true,
      "medievalorigins:necromancer/poor_reputation": true,
      "medievalorigins:necromancer/black_thumb": true,
      "medievalorigins:necromancer/disturbed": true,
      "medievalorigins:necromancer/unguarded": true
    },
    "medievalorigins:plague_victim": {
      "enabled": true,
      "medievalorigins:plague_victim/foul_aura": true,
      "medievalorigins:plague_victim/plague_immunity": true,
      "medievalorigins:plague_victim/risk_of_transmission": true,
      "medievalorigins:plague_victim/contagious": true,
      "medievalorigins:plague_victim/insomniac": true,
      "medievalorigins:plague_victim/sensitive_skin": true,
      "medievalorigins:plague_victim/skin_and_bones": true
    },
    "medievalorigins:daemon": {
      "enabled": true,
      "medievalorigins:daemon/daemon_fire": true,
      "medievalorigins:daemon/hellborne": true,
      "medievalorigins:daemon/carnivore": true,
      "medievalorigins:daemon/unholy_deal": true,
      "medievalorigins:daemon/hydrophobe": true,
      "medievalorigins:daemon/impure": true,
      "medievalorigins:daemon/overworld_weakness": true
    },
    "medievalorigins:banshee": {
      "enabled": true,
      "medievalorigins:banshee/ethereal": true,
      "medievalorigins:banshee/hexed": true,
      "medievalorigins:banshee/sonic_shriek": true,
      "medievalorigins:banshee/flesheater": true,
      "medievalorigins:banshee/iron_aversion": true,
      "medievalorigins:banshee/immaterial": true
    },
    "medievalorigins:werewolf": {
      "enabled": true,
      "medievalorigins:werewolf/lycanthropy": true,
      "medievalorigins:werewolf/carnivore": true,
      "medievalorigins:werewolf/silver_aversion": true,
      "medievalorigins:werewolf/drained": true,
      "medievalorigins:werewolf/insatiable_hunger": true
    },
    "medievalorigins:yeti": {
      "enabled": true,
      "medievalorigins:yeti/frigid_pulse": true,
      "medievalorigins:yeti/from_whence_you_came": true,
      "medievalorigins:yeti/frosty_breath": true,
      "medievalorigins:yeti/titanic": true,
      "medievalorigins:yeti/unstoppable": true,
      "medievalorigins:yeti/winter_body": true,
      "medievalorigins:yeti/flammable": true,
      "medievalorigins:yeti/thick_fur": true
    },
    "medievalorigins:ogre": {
      "enabled": true,
      "medievalorigins:ogre/charge": true,
      "medievalorigins:ogre/lead_belly": true,
      "medievalorigins:ogre/stocky": true,
      "medievalorigins:ogre/gargantuan": true,
      "medievalorigins:ogre/ravenous": true,
      "medievalorigins:ogre/sluggish": true,
      "medievalorigins:ogre/xxxl": true,
      "medievalorigins:ogre/unweildy": true,
      "medievalorigins:ogre/ogre_properties": true
    },
    "medievalorigins:arachnae": {
      "enabled": true,
      "medievalorigins:arachnae/climber": true,
      "medievalorigins:arachnae/many_eyes": true,
      "medievalorigins:arachnae/venomous_bite": true,
      "medievalorigins:arachnae/web_slinger": true,
      "medievalorigins:arachnae/bottomless_stomach": true,
      "medievalorigins:arachnae/brittle": true,
      "medievalorigins:arachnae/fragile_exoskeleton": true
    }
  }
}