{
  "maxPhysicsObjects": 10000,
  "particleLifetimeVines": 4.0,
  "particleLifetimeItems": 3.0,
  "particleLifetimeParticles": 0.1,
  "particleLifetimeLiquids": 12.699999809265137,
  "particleLifetimeVarianceVines": 3.0,
  "particleLifetimeVarianceItems": 3.0,
  "particleLifetimeVarianceParticles": 3.0,
  "particleLifetimeVarianceLiquids": 3.0,
  "cpuThreads": 2,
  "itemPhysics": true,
  "minecraftBlockBreakParticles": false,
  "vinePhysics": false,
  "capePhysics": false,
  "fishingRodPhysics": false,
  "leashPhysics": false,
  "bannerPhysics": false,
  "clothSmoothShading": false,
  "physicsModCape": false,
  "selectedPhysicsCape": "Physics Mod Cape.dae",
  "showUpdateNotifications": true,
  "clothThreads": 1,
  "leashLength": 3.0,
  "fishingLineLength": 12.0,
  "pvpServerCompatibility": false,
  "snowballModel": 0,
  "snowballImpact": 0,
  "snowballShade": false,
  "enderpearlModel": 0,
  "enderpearlImpact": 0,
  "enderpearlShade": false,
  "eggModel": 0,
  "eggImpact": 0,
  "eggShade": false,
  "crackPhysicsParticles": true,
  "liquidPhysics": false,
  "liquidSourceDistance": 19.700000762939453,
  "liquidThreads": 2,
  "bannerPhysicsRange": 48.0,
  "impactSounds": true,
  "soundVolume": 1.0,
  "blockPhysicsRange": 96.0,
  "vineRange": 32.0,
  "waterDensity": 8,
  "snowPhysics": false,
  "snowTracks": true,
  "snowTrackEntities": 6,
  "snowTrackDistance": 48.0,
  "snowThickness": 0.0,
  "grassSnowy": true,
  "snowType": 0,
  "snowSmoothShading": true,
  "snowChunkSize": 0,
  "guiPhysicsKey": 295,
  "blockSettings": {
    "Physics Type": 3,
    "Lifetime": 16.899999618530273,
    "Lifetime Variance": 3.0,
    "Scale": 0.7599999904632568,
    "Animation": 0
  },
  "mobSettings": {
    "Physics Type": 0,
    "Lifetime": 4.0,
    "Lifetime Variance": 3.0,
    "Animation": -1
  },
  "sprintingPhysicsParticles": true,
  "eatingPhysicsParticles": true,
  "customizedGravities": [
    "minecraft:the_nether",
    0.0,
    -9.81,
    0.0,
    "minecraft:overworld",
    0.0,
    -9.81,
    0.0,
    "minecraft:the_end",
    0.0,
    -9.81,
    0.0,
    "twilightforest:twilight_forest",
    0.0,
    -9.81,
    0.0
  ],
  "customizedBuoyancies": [
    "minecraft:the_nether",
    0.0,
    2.0,
    0.0,
    "minecraft:overworld",
    0.0,
    2.0,
    0.0,
    "minecraft:the_end",
    0.0,
    2.0,
    0.0,
    "twilightforest:twilight_forest",
    0.0,
    2.0,
    0.0
  ],
  "customizedCapes": []
}