{
  "force_include": {
    "NETHER": [],
    "END_LAND": [],
    "END_VOID": [],
    "END_CENTER": [],
    "END_BARRENS": []
  },
  "force_exclude": {
    "NETHER": [],
    "END": []
  },
  "minecraft": {
    "the_end": {
      "generation_chance [default: 0.5]": 0.5
    },
    "end_midlands": {
      "generation_chance [default: 0.5]": 0.5
    },
    "end_highlands": {
      "generation_chance [default: 0.5]": 0.5,
      "edge_size [default: 8]": 8
    }
  },
  "betternether": {
    "gravel_desert": {
      "generation_chance [default: 1.0]": 1.0,
      "fog_density [default: 1.0]": 1.0,
      "vertical [default: false]": false,
      "terrain_height [default: 0.1]": 0.1
    },
    "nether_jungle": {
      "generation_chance [default: 1.0]": 1.0,
      "fog_density [default: 1.0]": 1.0,
      "vertical [default: false]": false,
      "terrain_height [default: 0.1]": 0.1
    },
    "wart_forest_edge": {
      "generation_chance [default: 1.0]": 1.0,
      "fog_density [default: 1.0]": 1.0,
      "vertical [default: false]": false,
      "terrain_height [default: 0.1]": 0.1
    },
    "wart_forest": {
      "generation_chance [default: 1.0]": 1.0,
      "edge_size [default: 9]": 9,
      "fog_density [default: 1.0]": 1.0,
      "vertical [default: false]": false,
      "terrain_height [default: 0.1]": 0.1
    },
    "nether_grasslands": {
      "generation_chance [default: 1.0]": 1.0,
      "fog_density [default: 1.0]": 1.0,
      "vertical [default: false]": false,
      "terrain_height [default: 0.1]": 0.1
    },
    "nether_mushroom_forest_edge": {
      "generation_chance [default: 1.0]": 1.0,
      "fog_density [default: 1.0]": 1.0,
      "vertical [default: false]": false,
      "terrain_height [default: 0.1]": 0.1
    },
    "nether_mushroom_forest": {
      "generation_chance [default: 1.0]": 1.0,
      "edge_size [default: 6]": 6,
      "fog_density [default: 1.0]": 1.0,
      "vertical [default: false]": false,
      "terrain_height [default: 0.1]": 0.1
    },
    "bone_reef": {
      "generation_chance [default: 1.0]": 1.0,
      "fog_density [default: 1.0]": 1.0,
      "vertical [default: false]": false,
      "terrain_height [default: 0.1]": 0.1
    },
    "sulfuric_bone_reef": {
      "generation_chance [default: 0.3]": 0.3,
      "fog_density [default: 1.0]": 1.0,
      "vertical [default: false]": false,
      "terrain_height [default: 0.1]": 0.1
    },
    "poor_nether_grasslands": {
      "generation_chance [default: 0.3]": 0.3,
      "fog_density [default: 1.0]": 1.0,
      "vertical [default: false]": false,
      "terrain_height [default: 0.1]": 0.1
    },
    "nether_swampland": {
      "generation_chance [default: 1.0]": 1.0,
      "fog_density [default: 1.0]": 1.0,
      "vertical [default: false]": false,
      "terrain_height [default: 0.1]": 0.1
    },
    "nether_swampland_terraces": {
      "generation_chance [default: 1.0]": 1.0,
      "fog_density [default: 1.0]": 1.0,
      "vertical [default: false]": false,
      "terrain_height [default: 0.1]": 0.1
    },
    "magma_land": {
      "generation_chance [default: 1.0]": 1.0,
      "fog_density [default: 1.0]": 1.0,
      "vertical [default: false]": false,
      "terrain_height [default: 0.1]": 0.1
    },
    "soul_plain": {
      "generation_chance [default: 1.0]": 1.0,
      "fog_density [default: 1.0]": 1.0,
      "vertical [default: false]": false,
      "terrain_height [default: 0.1]": 0.1
    },
    "crimson_glowing_woods": {
      "generation_chance [default: 0.3]": 0.3,
      "fog_density [default: 1.0]": 1.0,
      "vertical [default: false]": false,
      "terrain_height [default: 0.1]": 0.1
    },
    "old_warped_woods": {
      "generation_chance [default: 1.0]": 1.0,
      "fog_density [default: 1.0]": 1.0,
      "vertical [default: false]": false,
      "terrain_height [default: 0.1]": 0.1
    },
    "crimson_pinewood": {
      "generation_chance [default: 0.3]": 0.3,
      "fog_density [default: 1.0]": 1.0,
      "vertical [default: false]": false,
      "terrain_height [default: 0.1]": 0.1
    },
    "old_fungiwoods": {
      "generation_chance [default: 0.3]": 0.3,
      "fog_density [default: 1.0]": 1.0,
      "vertical [default: false]": false,
      "terrain_height [default: 0.1]": 0.1
    },
    "flooded_deltas": {
      "generation_chance [default: 0.3]": 0.3,
      "fog_density [default: 1.0]": 1.0,
      "vertical [default: false]": false,
      "terrain_height [default: 0.1]": 0.1
    },
    "upside_down_forest": {
      "generation_chance [default: 0.25]": 0.25,
      "fog_density [default: 1.0]": 1.0,
      "vertical [default: false]": false,
      "terrain_height [default: 0.1]": 0.1
    },
    "upside_down_forest_cleared": {
      "generation_chance [default: 0.5]": 0.5,
      "fog_density [default: 1.0]": 1.0,
      "vertical [default: false]": false,
      "terrain_height [default: 0.1]": 0.1
    },
    "old_swampland": {
      "generation_chance [default: 1.0]": 1.0,
      "fog_density [default: 1.0]": 1.0,
      "vertical [default: false]": false,
      "terrain_height [default: 0.1]": 0.1
    }
  },
  "betterend": {
    "foggy_mushroomland": {
      "generation_chance [default: 1.0]": 1.0,
      "fog_density [default: 3.0]": 3.0,
      "vertical [default: false]": false,
      "terrain_height [default: 0.1]": 0.1
    },
    "chorus_forest": {
      "generation_chance [default: 1.0]": 1.0,
      "fog_density [default: 1.5]": 1.5,
      "vertical [default: false]": false,
      "terrain_height [default: 0.1]": 0.1
    },
    "dust_wastelands": {
      "generation_chance [default: 1.0]": 1.0,
      "fog_density [default: 2.0]": 2.0,
      "vertical [default: false]": false,
      "terrain_height [default: 1.5]": 1.5
    },
    "megalake": {
      "generation_chance [default: 1.0]": 1.0,
      "fog_density [default: 1.75]": 1.75,
      "vertical [default: false]": false,
      "terrain_height [default: 0.0]": 0.0
    },
    "megalake_grove": {
      "generation_chance [default: 1.0]": 1.0,
      "fog_density [default: 2.0]": 2.0,
      "vertical [default: false]": false,
      "terrain_height [default: 0.0]": 0.0
    },
    "crystal_mountains": {
      "generation_chance [default: 1.0]": 1.0,
      "fog_density [default: 1.0]": 1.0,
      "vertical [default: false]": false,
      "terrain_height [default: 0.1]": 0.1
    },
    "painted_mountains": {
      "generation_chance [default: 1.0]": 1.0,
      "fog_density [default: 2.0]": 2.0,
      "vertical [default: false]": false,
      "terrain_height [default: 0.1]": 0.1
    },
    "shadow_forest": {
      "generation_chance [default: 1.0]": 1.0,
      "fog_density [default: 2.5]": 2.5,
      "vertical [default: false]": false,
      "terrain_height [default: 0.1]": 0.1
    },
    "amber_land": {
      "generation_chance [default: 1.0]": 1.0,
      "fog_density [default: 2.0]": 2.0,
      "vertical [default: false]": false,
      "terrain_height [default: 0.1]": 0.1
    },
    "blossoming_spires": {
      "generation_chance [default: 1.0]": 1.0,
      "fog_density [default: 1.7]": 1.7,
      "vertical [default: false]": false,
      "terrain_height [default: 0.1]": 0.1
    },
    "sulphur_springs": {
      "generation_chance [default: 1.0]": 1.0,
      "fog_density [default: 1.5]": 1.5,
      "vertical [default: false]": false,
      "terrain_height [default: 0.0]": 0.0
    },
    "umbrella_jungle": {
      "generation_chance [default: 1.0]": 1.0,
      "fog_density [default: 2.3]": 2.3,
      "vertical [default: false]": false,
      "terrain_height [default: 0.1]": 0.1
    },
    "glowing_grasslands": {
      "generation_chance [default: 1.0]": 1.0,
      "fog_density [default: 1.3]": 1.3,
      "vertical [default: false]": false,
      "terrain_height [default: 0.1]": 0.1
    },
    "dragon_graveyards": {
      "generation_chance [default: 0.1]": 0.1,
      "fog_density [default: 1.3]": 1.3,
      "vertical [default: false]": false,
      "terrain_height [default: 0.1]": 0.1
    },
    "dry_shrubland": {
      "generation_chance [default: 1.0]": 1.0,
      "fog_density [default: 1.2]": 1.2,
      "vertical [default: false]": false,
      "terrain_height [default: 0.1]": 0.1
    },
    "lantern_woods": {
      "generation_chance [default: 1.0]": 1.0,
      "fog_density [default: 1.1]": 1.1,
      "vertical [default: false]": false,
      "terrain_height [default: 0.1]": 0.1
    },
    "neon_oasis": {
      "generation_chance [default: 0.5]": 0.5,
      "fog_density [default: 2.0]": 2.0,
      "vertical [default: false]": false,
      "terrain_height [default: 0.1]": 0.1
    },
    "umbra_valley": {
      "generation_chance [default: 1.0]": 1.0,
      "fog_density [default: 1.0]": 1.0,
      "vertical [default: false]": false,
      "terrain_height [default: 0.1]": 0.1
    },
    "ice_starfield": {
      "generation_chance [default: 0.25]": 0.25,
      "fog_density [default: 2.2]": 2.2,
      "vertical [default: false]": false,
      "terrain_height [default: 0.1]": 0.1
    },
    "empty_end_cave": {
      "generation_chance [default: 1.0]": 1.0,
      "fog_density [default: 2.0]": 2.0,
      "vertical [default: false]": false,
      "terrain_height [default: 0.1]": 0.1
    },
    "empty_smaragdant_cave": {
      "generation_chance [default: 1.0]": 1.0,
      "fog_density [default: 2.0]": 2.0,
      "vertical [default: false]": false,
      "terrain_height [default: 0.1]": 0.1
    },
    "lush_smaragdant_cave": {
      "generation_chance [default: 1.0]": 1.0,
      "fog_density [default: 2.0]": 2.0,
      "vertical [default: false]": false,
      "terrain_height [default: 0.1]": 0.1
    },
    "empty_aurora_cave": {
      "generation_chance [default: 1.0]": 1.0,
      "fog_density [default: 2.0]": 2.0,
      "vertical [default: false]": false,
      "terrain_height [default: 0.1]": 0.1
    },
    "lush_aurora_cave": {
      "generation_chance [default: 1.0]": 1.0,
      "fog_density [default: 2.0]": 2.0,
      "vertical [default: false]": false,
      "terrain_height [default: 0.1]": 0.1
    },
    "jade_cave": {
      "generation_chance [default: 1.0]": 1.0,
      "fog_density [default: 2.0]": 2.0,
      "vertical [default: false]": false,
      "terrain_height [default: 0.1]": 0.1
    }
  }
}